CoM_x,CoM_y,CoM_z,ep_x,ep_y,ep_z
0.000000 -0.066846 0.000068 0.325292 0.000000 0.000000 0.000000 -0.066846 0.000068 0.325292 0.000000 0.000000 0.000000 
0.002000 -0.066838 0.000068 0.325297 0.000103 -0.000000 0.000005 -0.066941 0.000068 0.325292 0.000000 0.000004 -0.000000 
0.004000 -0.066829 0.000068 0.325302 0.000205 -0.000000 0.000011 -0.067035 0.000068 0.325292 0.000000 0.000019 -0.000000 
0.006000 -0.066822 0.000068 0.325310 0.000308 -0.000000 0.000018 -0.067129 0.000068 0.325291 0.000000 0.000050 -0.000000 
0.008000 -0.066814 0.000068 0.325318 0.000409 -0.000000 0.000027 -0.067223 0.000068 0.325291 -0.000001 0.000091 -0.000000 
0.010000 -0.066807 0.000068 0.325326 0.000511 0.000000 0.000036 -0.067318 0.000068 0.325290 -0.000001 0.000132 -0.000000 
0.012000 -0.066801 0.000068 0.325335 0.000611 0.000000 0.000046 -0.067412 0.000068 0.325289 -0.000002 0.000166 -0.000000 
0.014000 -0.066796 0.000068 0.325343 0.000711 0.000000 0.000056 -0.067506 0.000068 0.325287 -0.000003 0.000193 -0.000000 
0.016000 -0.066791 0.000068 0.325352 0.000809 0.000000 0.000066 -0.067600 0.000068 0.325286 -0.000004 0.000216 0.000000 
0.018000 -0.066788 0.000068 0.325361 0.000907 0.000000 0.000077 -0.067695 0.000068 0.325284 -0.000005 0.000239 0.000000 
0.020000 -0.066785 0.000068 0.325370 0.001004 0.000000 0.000087 -0.067789 0.000068 0.325282 -0.000006 0.000266 0.000000 
0.022000 -0.066782 0.000068 0.325379 0.001100 0.000000 0.000098 -0.067883 0.000068 0.325280 -0.000007 0.000298 0.000000 
0.024000 -0.066781 0.000068 0.325388 0.001196 0.000000 0.000110 -0.067977 0.000068 0.325278 -0.000008 0.000334 0.000000 
0.026000 -0.066780 0.000068 0.325397 0.001291 0.000000 0.000121 -0.068071 0.000068 0.325275 -0.000009 0.000369 0.000000 
0.028000 -0.066780 0.000068 0.325405 0.001385 0.000000 0.000132 -0.068165 0.000068 0.325273 -0.000010 0.000401 0.000000 
0.030000 -0.066781 0.000068 0.325413 0.001479 0.000000 0.000144 -0.068260 0.000068 0.325270 -0.000011 0.000429 0.000000 
0.032000 -0.066783 0.000068 0.325421 0.001571 0.000000 0.000155 -0.068354 0.000068 0.325267 -0.000012 0.000456 0.000000 
0.034000 -0.066786 0.000068 0.325429 0.001662 0.000000 0.000166 -0.068448 0.000068 0.325264 -0.000013 0.000486 0.000000 
0.036000 -0.066789 0.000068 0.325437 0.001753 0.000000 0.000177 -0.068542 0.000068 0.325260 -0.000013 0.000519 0.000000 
0.038000 -0.066794 0.000068 0.325445 0.001842 0.000000 0.000189 -0.068636 0.000068 0.325256 -0.000014 0.000554 -0.000000 
0.040000 -0.066799 0.000068 0.325453 0.001931 0.000000 0.000200 -0.068730 0.000068 0.325253 -0.000015 0.000589 -0.000000 
0.042000 -0.066806 0.000068 0.325461 0.002018 0.000000 0.000212 -0.068824 0.000068 0.325249 -0.000016 0.000622 -0.000000 
0.044000 -0.066814 0.000068 0.325468 0.002104 0.000000 0.000223 -0.068918 0.000068 0.325244 -0.000017 0.000654 -0.000000 
0.046000 -0.066822 0.000068 0.325474 0.002190 0.000000 0.000235 -0.069012 0.000068 0.325240 -0.000018 0.000684 -0.000000 
0.048000 -0.066832 0.000068 0.325481 0.002274 0.000000 0.000246 -0.069106 0.000068 0.325235 -0.000019 0.000715 -0.000000 
0.050000 -0.066843 0.000068 0.325488 0.002357 0.000000 0.000257 -0.069200 0.000068 0.325230 -0.000020 0.000747 -0.000000 
0.052000 -0.066855 0.000068 0.325494 0.002439 0.000000 0.000269 -0.069294 0.000068 0.325225 -0.000021 0.000781 -0.000000 
0.054000 -0.066868 0.000068 0.325501 0.002520 0.000000 0.000280 -0.069388 0.000068 0.325220 -0.000022 0.000815 -0.000000 
0.056000 -0.066882 0.000068 0.325507 0.002599 0.000000 0.000292 -0.069482 0.000068 0.325215 -0.000023 0.000848 -0.000000 
0.058000 -0.066898 0.000068 0.325513 0.002678 0.000000 0.000304 -0.069576 0.000068 0.325209 -0.000024 0.000880 -0.000000 
0.060000 -0.066914 0.000068 0.325518 0.002755 0.000000 0.000315 -0.069670 0.000068 0.325203 -0.000025 0.000912 -0.000000 
0.062000 -0.066932 0.000068 0.325524 0.002832 0.000000 0.000327 -0.069763 0.000068 0.325197 -0.000026 0.000943 -0.000000 
0.064000 -0.066950 0.000068 0.325529 0.002907 0.000000 0.000338 -0.069857 0.000068 0.325191 -0.000027 0.000975 -0.000001 
0.066000 -0.066970 0.000068 0.325535 0.002981 0.000000 0.000350 -0.069951 0.000068 0.325185 -0.000028 0.001007 -0.000001 
0.068000 -0.066991 0.000068 0.325540 0.003053 0.000000 0.000362 -0.070045 0.000068 0.325178 -0.000029 0.001039 -0.000001 
0.070000 -0.067013 0.000068 0.325545 0.003125 0.000000 0.000374 -0.070138 0.000068 0.325171 -0.000030 0.001071 -0.000001 
0.072000 -0.067037 0.000068 0.325550 0.003196 0.000000 0.000385 -0.070232 0.000068 0.325164 -0.000031 0.001103 -0.000001 
0.074000 -0.067061 0.000068 0.325554 0.003265 0.000000 0.000397 -0.070326 0.000068 0.325157 -0.000032 0.001134 -0.000001 
0.076000 -0.067086 0.000068 0.325559 0.003333 0.000000 0.000409 -0.070419 0.000068 0.325150 -0.000033 0.001165 -0.000001 
0.078000 -0.067113 0.000068 0.325564 0.003400 0.000000 0.000421 -0.070513 0.000068 0.325142 -0.000034 0.001196 -0.000001 
0.080000 -0.067140 0.000068 0.325568 0.003466 0.000000 0.000434 -0.070606 0.000068 0.325134 -0.000035 0.001226 -0.000001 
0.082000 -0.067169 0.000068 0.325572 0.003531 0.000000 0.000446 -0.070700 0.000068 0.325126 -0.000036 0.001257 -0.000001 
0.084000 -0.067199 0.000068 0.325576 0.003594 0.000000 0.000458 -0.070793 0.000068 0.325118 -0.000037 0.001288 -0.000001 
0.086000 -0.067230 0.000068 0.325580 0.003657 0.000000 0.000471 -0.070887 0.000068 0.325110 -0.000038 0.001319 -0.000001 
0.088000 -0.067262 0.000068 0.325584 0.003718 0.000000 0.000483 -0.070980 0.000068 0.325101 -0.000039 0.001349 -0.000001 
0.090000 -0.067295 0.000068 0.325588 0.003779 0.000000 0.000496 -0.071073 0.000068 0.325093 -0.000040 0.001379 -0.000001 
0.092000 -0.067329 0.000068 0.325592 0.003838 0.000000 0.000508 -0.071167 0.000068 0.325084 -0.000041 0.001408 -0.000001 
0.094000 -0.067364 0.000068 0.325595 0.003896 0.000000 0.000521 -0.071260 0.000068 0.325074 -0.000042 0.001438 -0.000001 
0.096000 -0.067400 0.000068 0.325599 0.003953 0.000000 0.000534 -0.071353 0.000068 0.325065 -0.000043 0.001467 -0.000001 
0.098000 -0.067437 0.000068 0.325602 0.004009 0.000000 0.000547 -0.071446 0.000068 0.325056 -0.000044 0.001497 -0.000001 
0.100000 -0.067476 0.000068 0.325606 0.004064 0.000000 0.000560 -0.071539 0.000068 0.325046 -0.000045 0.001526 -0.000001 
0.102000 -0.067515 0.000068 0.325609 0.004118 0.000000 0.000573 -0.071632 0.000068 0.325036 -0.000046 0.001555 -0.000001 
0.104000 -0.067555 0.000068 0.325612 0.004171 0.000000 0.000586 -0.071726 0.000068 0.325026 -0.000048 0.001583 -0.000001 
0.106000 -0.067596 0.000068 0.325615 0.004223 0.000000 0.000599 -0.071818 0.000068 0.325016 -0.000049 0.001612 -0.000001 
0.108000 -0.067638 0.000068 0.325618 0.004273 0.000000 0.000613 -0.071911 0.000068 0.325005 -0.000050 0.001640 -0.000001 
0.110000 -0.067681 0.000068 0.325620 0.004323 0.000000 0.000626 -0.072004 0.000068 0.324994 -0.000051 0.001668 -0.000001 
0.112000 -0.067725 0.000068 0.325623 0.004372 0.000000 0.000639 -0.072097 0.000068 0.324983 -0.000052 0.001696 -0.000001 
0.114000 -0.067770 0.000068 0.325625 0.004420 0.000000 0.000653 -0.072190 0.000068 0.324972 -0.000053 0.001724 -0.000001 
0.116000 -0.067816 0.000068 0.325628 0.004467 0.000001 0.000667 -0.072283 0.000068 0.324961 -0.000054 0.001752 -0.000001 
0.118000 -0.067862 0.000068 0.325630 0.004513 0.000001 0.000680 -0.072375 0.000068 0.324950 -0.000055 0.001779 -0.000001 
0.120000 -0.067910 0.000068 0.325632 0.004558 0.000001 0.000694 -0.072468 0.000068 0.324938 -0.000056 0.001806 -0.000001 
0.122000 -0.067958 0.000068 0.325634 0.004602 0.000001 0.000708 -0.072560 0.000068 0.324926 -0.000057 0.001833 -0.000001 
0.124000 -0.068008 0.000068 0.325636 0.004645 0.000001 0.000722 -0.072653 0.000068 0.324914 -0.000058 0.001860 -0.000001 
0.126000 -0.068058 0.000068 0.325638 0.004688 0.000001 0.000736 -0.072745 0.000068 0.324902 -0.000059 0.001886 -0.000001 
0.128000 -0.068109 0.000068 0.325639 0.004729 0.000001 0.000750 -0.072838 0.000068 0.324889 -0.000060 0.001913 -0.000001 
0.130000 -0.068160 0.000068 0.325641 0.004770 0.000001 0.000764 -0.072930 0.000068 0.324877 -0.000061 0.001939 -0.000001 
0.132000 -0.068213 0.000068 0.325642 0.004809 0.000001 0.000778 -0.073022 0.000068 0.324864 -0.000062 0.001965 -0.000001 
0.134000 -0.068266 0.000068 0.325643 0.004848 0.000001 0.000793 -0.073114 0.000068 0.324851 -0.000063 0.001991 -0.000001 
0.136000 -0.068320 0.000068 0.325644 0.004886 0.000001 0.000807 -0.073207 0.000068 0.324837 -0.000065 0.002017 -0.000001 
0.138000 -0.068375 0.000068 0.325645 0.004923 0.000001 0.000821 -0.073299 0.000068 0.324824 -0.000066 0.002042 -0.000001 
0.140000 -0.068431 0.000068 0.325646 0.004960 0.000001 0.000836 -0.073391 0.000068 0.324810 -0.000067 0.002067 -0.000001 
0.142000 -0.068487 0.000068 0.325647 0.004995 0.000001 0.000850 -0.073483 0.000068 0.324797 -0.000068 0.002092 -0.000001 
0.144000 -0.068545 0.000068 0.325648 0.005030 0.000001 0.000865 -0.073575 0.000068 0.324783 -0.000069 0.002117 -0.000002 
0.146000 -0.068602 0.000068 0.325648 0.005064 0.000001 0.000880 -0.073666 0.000068 0.324768 -0.000070 0.002142 -0.000002 
0.148000 -0.068661 0.000068 0.325649 0.005097 0.000001 0.000895 -0.073758 0.000068 0.324754 -0.000071 0.002167 -0.000002 
0.150000 -0.068720 0.000068 0.325649 0.005130 0.000001 0.000910 -0.073850 0.000068 0.324740 -0.000072 0.002191 -0.000002 
0.152000 -0.068780 0.000068 0.325649 0.005161 0.000001 0.000925 -0.073941 0.000068 0.324725 -0.000073 0.002216 -0.000002 
0.154000 -0.068841 0.000068 0.325650 0.005192 0.000001 0.000940 -0.074033 0.000068 0.324710 -0.000074 0.002240 -0.000002 
0.156000 -0.068902 0.000068 0.325650 0.005223 0.000001 0.000955 -0.074124 0.000068 0.324695 -0.000075 0.002264 -0.000002 
0.158000 -0.068964 0.000069 0.325650 0.005252 0.000001 0.000970 -0.074216 0.000068 0.324679 -0.000077 0.002288 -0.000002 
0.160000 -0.069026 0.000069 0.325650 0.005281 0.000001 0.000986 -0.074307 0.000068 0.324664 -0.000078 0.002312 -0.000002 
0.162000 -0.069089 0.000069 0.325650 0.005309 0.000001 0.001001 -0.074398 0.000068 0.324648 -0.000079 0.002335 -0.000002 
0.164000 -0.069153 0.000069 0.325649 0.005337 0.000001 0.001017 -0.074490 0.000068 0.324632 -0.000080 0.002359 -0.000002 
0.166000 -0.069217 0.000069 0.325649 0.005364 0.000001 0.001033 -0.074581 0.000068 0.324616 -0.000081 0.002382 -0.000002 
0.168000 -0.069282 0.000069 0.325649 0.005390 0.000001 0.001049 -0.074672 0.000068 0.324600 -0.000082 0.002405 -0.000002 
0.170000 -0.069347 0.000069 0.325648 0.005416 0.000001 0.001065 -0.074763 0.000068 0.324583 -0.000083 0.002428 -0.000002 
0.172000 -0.069413 0.000069 0.325647 0.005441 0.000001 0.001081 -0.074853 0.000068 0.324567 -0.000084 0.002451 -0.000002 
0.174000 -0.069479 0.000069 0.325647 0.005465 0.000001 0.001097 -0.074944 0.000068 0.324550 -0.000085 0.002474 -0.000002 
0.176000 -0.069546 0.000069 0.325646 0.005489 0.000001 0.001113 -0.075035 0.000068 0.324533 -0.000087 0.002496 -0.000002 
0.178000 -0.069614 0.000069 0.325645 0.005512 0.000001 0.001129 -0.075126 0.000068 0.324515 -0.000088 0.002518 -0.000002 
0.180000 -0.069682 0.000069 0.325643 0.005534 0.000001 0.001145 -0.075216 0.000068 0.324498 -0.000089 0.002540 -0.000002 
0.182000 -0.069750 0.000069 0.325642 0.005556 0.000001 0.001162 -0.075307 0.000068 0.324480 -0.000090 0.002562 -0.000002 
0.184000 -0.069819 0.000069 0.325641 0.005578 0.000001 0.001178 -0.075397 0.000068 0.324463 -0.000091 0.002584 -0.000002 
0.186000 -0.069889 0.000069 0.325639 0.005598 0.000001 0.001195 -0.075487 0.000068 0.324445 -0.000092 0.002606 -0.000002 
0.188000 -0.069959 0.000069 0.325637 0.005619 0.000001 0.001211 -0.075577 0.000068 0.324426 -0.000093 0.002627 -0.000002 
0.190000 -0.070029 0.000069 0.325636 0.005638 0.000001 0.001228 -0.075668 0.000068 0.324408 -0.000094 0.002649 -0.000002 
0.192000 -0.070100 0.000069 0.325634 0.005658 0.000001 0.001244 -0.075758 0.000068 0.324389 -0.000096 0.002670 -0.000002 
0.194000 -0.070171 0.000069 0.325632 0.005676 0.000001 0.001261 -0.075848 0.000068 0.324371 -0.000097 0.002691 -0.000001 
0.196000 -0.070243 0.000069 0.325629 0.005694 0.000001 0.001278 -0.075937 0.000068 0.324352 -0.000098 0.002712 -0.000001 
0.198000 -0.070315 0.000069 0.325627 0.005712 0.000001 0.001294 -0.076027 0.000068 0.324333 -0.000099 0.002732 -0.000001 
0.200000 -0.070388 0.000069 0.325624 0.005729 0.000001 0.001311 -0.076117 0.000068 0.324313 -0.000100 0.002753 -0.000001 
0.202000 -0.070461 0.000069 0.325622 0.005746 0.000001 0.001328 -0.076206 0.000068 0.324294 -0.000101 0.002773 -0.000001 
0.204000 -0.070534 0.000069 0.325619 0.005762 0.000001 0.001345 -0.076296 0.000068 0.324274 -0.000102 0.002793 -0.000001 
0.206000 -0.070608 0.000069 0.325616 0.005777 0.000001 0.001362 -0.076385 0.000068 0.324254 -0.000104 0.002813 -0.000001 
0.208000 -0.070682 0.000069 0.325613 0.005793 0.000001 0.001379 -0.076475 0.000068 0.324234 -0.000105 0.002833 -0.000001 
0.210000 -0.070757 0.000069 0.325610 0.005807 0.000001 0.001396 -0.076564 0.000068 0.324214 -0.000106 0.002853 -0.000001 
0.212000 -0.070831 0.000069 0.325607 0.005822 0.000001 0.001413 -0.076653 0.000068 0.324193 -0.000107 0.002873 -0.000001 
0.214000 -0.070907 0.000069 0.325603 0.005835 0.000001 0.001430 -0.076742 0.000068 0.324173 -0.000108 0.002892 -0.000001 
0.216000 -0.070982 0.000069 0.325599 0.005849 0.000001 0.001448 -0.076831 0.000068 0.324152 -0.000109 0.002911 -0.000001 
0.218000 -0.071058 0.000069 0.325596 0.005862 0.000001 0.001465 -0.076920 0.000068 0.324131 -0.000110 0.002930 -0.000001 
0.220000 -0.071134 0.000069 0.325592 0.005874 0.000001 0.001482 -0.077009 0.000068 0.324110 -0.000112 0.002949 -0.000001 
0.222000 -0.071211 0.000069 0.325588 0.005886 0.000001 0.001499 -0.077097 0.000068 0.324088 -0.000113 0.002968 -0.000001 
0.224000 -0.071288 0.000069 0.325584 0.005898 0.000001 0.001517 -0.077186 0.000068 0.324067 -0.000114 0.002987 -0.000001 
0.226000 -0.071365 0.000069 0.325579 0.005909 0.000001 0.001534 -0.077274 0.000068 0.324045 -0.000115 0.003005 -0.000001 
0.228000 -0.071443 0.000069 0.325575 0.005920 0.000001 0.001552 -0.077362 0.000068 0.324023 -0.000116 0.003023 -0.000001 
0.230000 -0.071520 0.000069 0.325570 0.005930 0.000001 0.001569 -0.077451 0.000068 0.324001 -0.000117 0.003042 -0.000001 
0.232000 -0.071598 0.000069 0.325566 0.005940 0.000001 0.001587 -0.077539 0.000068 0.323979 -0.000119 0.003060 -0.000001 
0.234000 -0.071677 0.000069 0.325561 0.005950 0.000001 0.001605 -0.077627 0.000068 0.323956 -0.000120 0.003077 -0.000001 
0.236000 -0.071755 0.000069 0.325556 0.005959 0.000001 0.001622 -0.077715 0.000068 0.323934 -0.000121 0.003095 -0.000001 
0.238000 -0.071834 0.000069 0.325551 0.005968 0.000001 0.001640 -0.077802 0.000068 0.323911 -0.000122 0.003113 -0.000001 
0.240000 -0.071914 0.000069 0.325546 0.005977 0.000001 0.001658 -0.077890 0.000068 0.323888 -0.000123 0.003130 -0.000001 
0.242000 -0.071993 0.000069 0.325540 0.005985 0.000001 0.001676 -0.077978 0.000068 0.323864 -0.000124 0.003147 -0.000001 
0.244000 -0.072073 0.000069 0.325535 0.005993 0.000001 0.001694 -0.078065 0.000068 0.323841 -0.000126 0.003164 -0.000001 
0.246000 -0.072152 0.000069 0.325529 0.006000 0.000001 0.001712 -0.078153 0.000068 0.323817 -0.000127 0.003181 -0.000001 
0.248000 -0.072233 0.000069 0.325523 0.006007 0.000001 0.001730 -0.078240 0.000068 0.323794 -0.000128 0.003198 -0.000001 
0.250000 -0.072313 0.000069 0.325518 0.006014 0.000001 0.001748 -0.078327 0.000068 0.323770 -0.000129 0.003215 -0.000001 
0.252000 -0.072394 0.000069 0.325512 0.006020 0.000002 0.001766 -0.078414 0.000068 0.323746 -0.000130 0.003231 -0.000001 
0.254000 -0.072474 0.000069 0.325505 0.006026 0.000002 0.001784 -0.078501 0.000068 0.323721 -0.000132 0.003248 -0.000001 
0.256000 -0.072555 0.000069 0.325499 0.006032 0.000002 0.001802 -0.078588 0.000068 0.323697 -0.000133 0.003264 -0.000001 
0.258000 -0.072637 0.000069 0.325493 0.006038 0.000002 0.001821 -0.078674 0.000068 0.323672 -0.000134 0.003280 -0.000001 
0.260000 -0.072718 0.000069 0.325486 0.006043 0.000002 0.001839 -0.078761 0.000068 0.323647 -0.000135 0.003296 -0.000001 
0.262000 -0.072800 0.000069 0.325480 0.006048 0.000002 0.001858 -0.078847 0.000068 0.323622 -0.000136 0.003312 -0.000001 
0.264000 -0.072881 0.000069 0.325473 0.006052 0.000002 0.001876 -0.078934 0.000068 0.323597 -0.000137 0.003327 -0.000001 
0.266000 -0.072963 0.000069 0.325466 0.006057 0.000002 0.001895 -0.079020 0.000068 0.323572 -0.000139 0.003343 -0.000001 
0.268000 -0.073045 0.000069 0.325459 0.006060 0.000002 0.001913 -0.079106 0.000068 0.323546 -0.000140 0.003358 -0.000001 
0.270000 -0.073128 0.000069 0.325452 0.006064 0.000002 0.001932 -0.079192 0.000068 0.323520 -0.000141 0.003373 -0.000001 
0.272000 -0.073210 0.000069 0.325445 0.006067 0.000002 0.001951 -0.079278 0.000068 0.323494 -0.000142 0.003388 -0.000001 
0.274000 -0.073293 0.000069 0.325438 0.006071 0.000002 0.001969 -0.079363 0.000068 0.323468 -0.000143 0.003403 -0.000001 
0.276000 -0.073376 0.000069 0.325430 0.006073 0.000002 0.001988 -0.079449 0.000068 0.323442 -0.000145 0.003418 -0.000001 
0.278000 -0.073459 0.000069 0.325423 0.006076 0.000002 0.002007 -0.079534 0.000068 0.323415 -0.000146 0.003432 -0.000001 
0.280000 -0.073542 0.000069 0.325415 0.006078 0.000002 0.002026 -0.079620 0.000068 0.323389 -0.000147 0.003447 -0.000001 
0.282000 -0.073625 0.000069 0.325407 0.006080 0.000002 0.002045 -0.079705 0.000068 0.323362 -0.000148 0.003461 -0.000001 
0.284000 -0.073708 0.000069 0.325399 0.006082 0.000002 0.002064 -0.079790 0.000068 0.323335 -0.000150 0.003475 -0.000001 
0.286000 -0.073792 0.000069 0.325391 0.006083 0.000002 0.002083 -0.079875 0.000068 0.323308 -0.000151 0.003489 -0.000001 
0.288000 -0.073875 0.000070 0.325383 0.006085 0.000002 0.002103 -0.079960 0.000068 0.323280 -0.000152 0.003503 -0.000001 
0.290000 -0.073959 0.000070 0.325375 0.006086 0.000002 0.002122 -0.080045 0.000068 0.323253 -0.000153 0.003517 -0.000001 
0.292000 -0.074043 0.000070 0.325366 0.006086 0.000002 0.002141 -0.080129 0.000068 0.323225 -0.000154 0.003531 -0.000000 
0.294000 -0.074127 0.000070 0.325358 0.006087 0.000002 0.002161 -0.080214 0.000068 0.323197 -0.000156 0.003544 -0.000000 
0.296000 -0.074211 0.000070 0.325349 0.006087 0.000002 0.002180 -0.080298 0.000068 0.323169 -0.000157 0.003557 -0.000000 
0.298000 -0.074295 0.000070 0.325340 0.006087 0.000002 0.002200 -0.080382 0.000068 0.323141 -0.000158 0.003571 -0.000000 
0.300000 -0.074379 0.000070 0.325331 0.006087 0.000002 0.002219 -0.080466 0.000068 0.323112 -0.000159 0.003584 -0.000000 
0.302000 -0.074464 0.000070 0.325323 0.006086 0.000002 0.002239 -0.080550 0.000068 0.323084 -0.000160 0.003596 -0.000000 
0.304000 -0.074548 0.000070 0.325313 0.006086 0.000002 0.002259 -0.080634 0.000068 0.323055 -0.000162 0.003609 -0.000000 
0.306000 -0.074633 0.000070 0.325304 0.006085 0.000002 0.002278 -0.080717 0.000068 0.323026 -0.000163 0.003622 -0.000000 
0.308000 -0.074717 0.000070 0.325295 0.006084 0.000002 0.002298 -0.080801 0.000068 0.322997 -0.000164 0.003634 -0.000000 
0.310000 -0.074802 0.000070 0.325285 0.006082 0.000002 0.002318 -0.080884 0.000068 0.322967 -0.000165 0.003647 -0.000000 
0.312000 -0.074887 0.000070 0.325276 0.006081 0.000002 0.002338 -0.080968 0.000068 0.322938 -0.000167 0.003659 -0.000000 
0.314000 -0.074972 0.000070 0.325266 0.006079 0.000002 0.002358 -0.081051 0.000068 0.322908 -0.000168 0.003671 -0.000000 
0.316000 -0.075057 0.000070 0.325257 0.006077 0.000002 0.002378 -0.081134 0.000068 0.322878 -0.000169 0.003683 -0.000000 
0.318000 -0.075142 0.000070 0.325247 0.006075 0.000002 0.002398 -0.081216 0.000068 0.322848 -0.000170 0.003695 -0.000000 
0.320000 -0.075227 0.000070 0.325237 0.006072 0.000002 0.002418 -0.081299 0.000068 0.322818 -0.000172 0.003706 0.000000 
0.322000 -0.075312 0.000070 0.325227 0.006070 0.000002 0.002439 -0.081382 0.000068 0.322788 -0.000173 0.003718 0.000000 
0.324000 -0.075397 0.000070 0.325216 0.006067 0.000002 0.002459 -0.081464 0.000068 0.322757 -0.000174 0.003729 0.000000 
0.326000 -0.075482 0.000070 0.325206 0.006064 0.000002 0.002480 -0.081546 0.000068 0.322727 -0.000175 0.003741 0.000000 
0.328000 -0.075567 0.000070 0.325196 0.006061 0.000002 0.002500 -0.081628 0.000068 0.322696 -0.000176 0.003752 0.000000 
0.330000 -0.075653 0.000070 0.325185 0.006057 0.000002 0.002521 -0.081710 0.000068 0.322665 -0.000178 0.003763 0.000000 
0.332000 -0.075738 0.000070 0.325175 0.006054 0.000002 0.002541 -0.081792 0.000068 0.322634 -0.000179 0.003775 0.000000 
0.334000 -0.075823 0.000070 0.325164 0.006050 0.000002 0.002562 -0.081874 0.000068 0.322602 -0.000180 0.003786 0.000000 
0.336000 -0.075909 0.000070 0.325153 0.006046 0.000002 0.002583 -0.081955 0.000068 0.322571 -0.000181 0.003797 0.000000 
0.338000 -0.075994 0.000070 0.325143 0.006042 0.000002 0.002604 -0.082036 0.000068 0.322539 -0.000183 0.003808 0.000000 
0.340000 -0.076080 0.000070 0.325132 0.006038 0.000002 0.002625 -0.082118 0.000068 0.322507 -0.000184 0.003819 0.000000 
0.342000 -0.076165 0.000070 0.325121 0.006033 0.000002 0.002646 -0.082199 0.000068 0.322475 -0.000185 0.003830 0.000000 
0.344000 -0.076251 0.000070 0.325110 0.006029 0.000002 0.002667 -0.082280 0.000068 0.322443 -0.000186 0.003841 0.000001 
0.346000 -0.076336 0.000070 0.325099 0.006024 0.000002 0.002688 -0.082360 0.000068 0.322410 -0.000188 0.003852 0.000001 
0.348000 -0.076422 0.000070 0.325088 0.006019 0.000002 0.002710 -0.082441 0.000068 0.322378 -0.000189 0.003862 0.000001 
0.350000 -0.076507 0.000070 0.325076 0.006014 0.000002 0.002731 -0.082521 0.000068 0.322345 -0.000190 0.003873 0.000001 
0.352000 -0.076593 0.000070 0.325065 0.006009 0.000002 0.002753 -0.082602 0.000068 0.322312 -0.000191 0.003884 0.000001 
0.354000 -0.076679 0.000070 0.325054 0.006003 0.000002 0.002775 -0.082682 0.000068 0.322279 -0.000193 0.003894 0.000001 
0.356000 -0.076764 0.000070 0.325042 0.005997 0.000002 0.002797 -0.082762 0.000068 0.322246 -0.000194 0.003905 0.000001 
0.358000 -0.076850 0.000070 0.325031 0.005992 0.000002 0.002819 -0.082842 0.000068 0.322212 -0.000195 0.003915 0.000001 
0.360000 -0.076936 0.000070 0.325019 0.005986 0.000002 0.002841 -0.082921 0.000068 0.322179 -0.000196 0.003926 0.000001 
0.362000 -0.077021 0.000070 0.325008 0.005980 0.000002 0.002863 -0.083001 0.000068 0.322145 -0.000198 0.003936 0.000001 
0.364000 -0.077107 0.000070 0.324996 0.005973 0.000002 0.002885 -0.083080 0.000068 0.322111 -0.000199 0.003946 0.000001 
0.366000 -0.077192 0.000070 0.324984 0.005967 0.000002 0.002907 -0.083159 0.000068 0.322077 -0.000200 0.003957 0.000001 
0.368000 -0.077278 0.000070 0.324972 0.005960 0.000002 0.002930 -0.083238 0.000068 0.322043 -0.000202 0.003967 0.000001 
0.370000 -0.077364 0.000070 0.324961 0.005953 0.000002 0.002952 -0.083317 0.000068 0.322008 -0.000203 0.003977 0.000001 
0.372000 -0.077449 0.000070 0.324949 0.005947 0.000002 0.002975 -0.083396 0.000068 0.321974 -0.000204 0.003987 0.000001 
0.374000 -0.077535 0.000070 0.324937 0.005940 0.000002 0.002998 -0.083474 0.000068 0.321939 -0.000205 0.003997 0.000001 
0.376000 -0.077620 0.000070 0.324925 0.005932 0.000002 0.003021 -0.083553 0.000068 0.321904 -0.000207 0.004007 0.000001 
0.378000 -0.077706 0.000070 0.324913 0.005925 0.000003 0.003044 -0.083631 0.000068 0.321869 -0.000208 0.004017 0.000001 
0.380000 -0.077791 0.000070 0.324900 0.005918 0.000003 0.003067 -0.083709 0.000068 0.321834 -0.000209 0.004027 0.000001 
0.382000 -0.077877 0.000070 0.324888 0.005910 0.000003 0.003090 -0.083787 0.000068 0.321798 -0.000210 0.004037 0.000001 
0.384000 -0.077962 0.000070 0.324876 0.005902 0.000003 0.003113 -0.083864 0.000068 0.321763 -0.000212 0.004046 0.000002 
0.386000 -0.078048 0.000070 0.324864 0.005894 0.000003 0.003137 -0.083942 0.000068 0.321727 -0.000213 0.004056 0.000002 
0.388000 -0.078133 0.000070 0.324851 0.005886 0.000003 0.003160 -0.084019 0.000068 0.321691 -0.000214 0.004066 0.000002 
0.390000 -0.078218 0.000070 0.324839 0.005878 0.000003 0.003184 -0.084097 0.000068 0.321655 -0.000215 0.004075 0.000002 
0.392000 -0.078304 0.000070 0.324826 0.005870 0.000003 0.003208 -0.084174 0.000068 0.321619 -0.000217 0.004085 0.000002 
0.394000 -0.078389 0.000070 0.324814 0.005861 0.000003 0.003231 -0.084250 0.000068 0.321583 -0.000218 0.004095 0.000002 
0.396000 -0.078474 0.000070 0.324801 0.005853 0.000003 0.003255 -0.084327 0.000068 0.321546 -0.000219 0.004104 0.000002 
0.398000 -0.078559 0.000070 0.324789 0.005844 0.000003 0.003279 -0.084404 0.000068 0.321509 -0.000221 0.004113 0.000002 
0.400000 -0.078645 0.000070 0.324776 0.005835 0.000003 0.003303 -0.084480 0.000068 0.321472 -0.000222 0.004123 0.000002 
0.402000 -0.078730 0.000070 0.324763 0.005826 0.000003 0.003328 -0.084556 0.000068 0.321435 -0.000223 0.004132 0.000002 
0.404000 -0.078815 0.000070 0.324750 0.005817 0.000003 0.003352 -0.084632 0.000068 0.321398 -0.000224 0.004141 0.000002 
0.406000 -0.078900 0.000070 0.324737 0.005808 0.000003 0.003376 -0.084708 0.000068 0.321361 -0.000226 0.004151 0.000002 
0.408000 -0.078985 0.000070 0.324724 0.005799 0.000003 0.003401 -0.084784 0.000068 0.321323 -0.000227 0.004160 0.000002 
0.410000 -0.079070 0.000070 0.324711 0.005789 0.000003 0.003426 -0.084859 0.000068 0.321286 -0.000228 0.004169 0.000002 
0.412000 -0.079155 0.000070 0.324698 0.005780 0.000003 0.003450 -0.084934 0.000068 0.321248 -0.000230 0.004178 0.000002 
0.414000 -0.079239 0.000071 0.324685 0.005770 0.000003 0.003475 -0.085009 0.000068 0.321210 -0.000231 0.004187 0.000002 
0.416000 -0.079324 0.000071 0.324672 0.005760 0.000003 0.003500 -0.085084 0.000068 0.321172 -0.000232 0.004196 0.000002 
0.418000 -0.079409 0.000071 0.324659 0.005750 0.000003 0.003525 -0.085159 0.000068 0.321134 -0.000234 0.004205 0.000002 
0.420000 -0.079493 0.000071 0.324646 0.005740 0.000003 0.003550 -0.085234 0.000068 0.321095 -0.000235 0.004214 0.000003 
0.422000 -0.079578 0.000071 0.324632 0.005730 0.000003 0.003576 -0.085308 0.000068 0.321057 -0.000236 0.004223 0.000003 
0.424000 -0.079662 0.000071 0.324619 0.005720 0.000003 0.003601 -0.085382 0.000068 0.321018 -0.000237 0.004231 0.000003 
0.426000 -0.079747 0.000071 0.324605 0.005709 0.000003 0.003626 -0.085456 0.000068 0.320979 -0.000239 0.004240 0.000003 
0.428000 -0.079831 0.000071 0.324592 0.005699 0.000003 0.003652 -0.085530 0.000068 0.320940 -0.000240 0.004249 0.000003 
0.430000 -0.079916 0.000071 0.324578 0.005688 0.000003 0.003678 -0.085604 0.000068 0.320901 -0.000241 0.004258 0.000003 
0.432000 -0.080000 0.000071 0.324565 0.005677 0.000003 0.003703 -0.085677 0.000068 0.320861 -0.000243 0.004266 0.000003 
0.434000 -0.080084 0.000071 0.324551 0.005667 0.000003 0.003729 -0.085750 0.000068 0.320822 -0.000244 0.004275 0.000003 
0.436000 -0.080168 0.000071 0.324537 0.005656 0.000003 0.003755 -0.085823 0.000068 0.320782 -0.000245 0.004284 0.000003 
0.438000 -0.080252 0.000071 0.324523 0.005644 0.000003 0.003781 -0.085896 0.000068 0.320742 -0.000247 0.004292 0.000003 
0.440000 -0.080336 0.000071 0.324509 0.005633 0.000003 0.003807 -0.085969 0.000068 0.320702 -0.000248 0.004301 0.000003 
0.442000 -0.080420 0.000071 0.324495 0.005622 0.000003 0.003833 -0.086042 0.000068 0.320662 -0.000249 0.004310 0.000003 
0.444000 -0.080503 0.000071 0.324481 0.005611 0.000003 0.003859 -0.086114 0.000068 0.320622 -0.000251 0.004318 0.000003 
0.446000 -0.080587 0.000071 0.324467 0.005599 0.000003 0.003886 -0.086186 0.000068 0.320582 -0.000252 0.004327 0.000003 
0.448000 -0.080671 0.000071 0.324453 0.005587 0.000003 0.003912 -0.086258 0.000068 0.320541 -0.000253 0.004336 0.000003 
0.450000 -0.080754 0.000071 0.324439 0.005576 0.000003 0.003939 -0.086330 0.000068 0.320500 -0.000254 0.004344 0.000004 
0.452000 -0.080838 0.000071 0.324424 0.005564 0.000003 0.003965 -0.086401 0.000068 0.320459 -0.000256 0.004353 0.000004 
0.454000 -0.080921 0.000071 0.324410 0.005552 0.000003 0.003992 -0.086473 0.000068 0.320418 -0.000257 0.004362 0.000004 
0.456000 -0.081004 0.000071 0.324395 0.005540 0.000003 0.004018 -0.086544 0.000068 0.320377 -0.000258 0.004371 0.000004 
0.458000 -0.081087 0.000071 0.324381 0.005528 0.000003 0.004045 -0.086615 0.000068 0.320336 -0.000260 0.004379 0.000004 
0.460000 -0.081170 0.000071 0.324366 0.005516 0.000003 0.004072 -0.086686 0.000068 0.320294 -0.000261 0.004388 0.000004 
0.462000 -0.081253 0.000071 0.324351 0.005503 0.000003 0.004099 -0.086756 0.000068 0.320253 -0.000262 0.004397 0.000004 
0.464000 -0.081336 0.000071 0.324336 0.005491 0.000003 0.004125 -0.086827 0.000068 0.320211 -0.000264 0.004406 0.000004 
0.466000 -0.081419 0.000071 0.324321 0.005478 0.000003 0.004152 -0.086897 0.000068 0.320169 -0.000265 0.004414 0.000004 
0.468000 -0.081501 0.000071 0.324306 0.005466 0.000003 0.004179 -0.086967 0.000068 0.320127 -0.000266 0.004423 0.000004 
0.470000 -0.081584 0.000071 0.324291 0.005453 0.000003 0.004207 -0.087037 0.000068 0.320085 -0.000268 0.004432 0.000004 
0.472000 -0.081666 0.000071 0.324276 0.005440 0.000003 0.004234 -0.087106 0.000068 0.320042 -0.000269 0.004441 0.000004 
0.474000 -0.081749 0.000071 0.324261 0.005427 0.000003 0.004261 -0.087176 0.000068 0.320000 -0.000271 0.004449 0.000004 
0.476000 -0.081831 0.000071 0.324245 0.005414 0.000003 0.004288 -0.087245 0.000068 0.319957 -0.000272 0.004458 0.000004 
0.478000 -0.081913 0.000071 0.324230 0.005401 0.000003 0.004315 -0.087314 0.000068 0.319914 -0.000273 0.004467 0.000005 
0.480000 -0.081995 0.000071 0.324214 0.005388 0.000003 0.004343 -0.087383 0.000068 0.319871 -0.000275 0.004476 0.000005 
0.482000 -0.082077 0.000071 0.324199 0.005374 0.000003 0.004370 -0.087451 0.000068 0.319828 -0.000276 0.004485 0.000005 
0.484000 -0.082159 0.000071 0.324183 0.005361 0.000003 0.004398 -0.087520 0.000068 0.319785 -0.000277 0.004494 0.000005 
0.486000 -0.082241 0.000071 0.324167 0.005347 0.000003 0.004425 -0.087588 0.000068 0.319742 -0.000279 0.004503 0.000005 
0.488000 -0.082322 0.000071 0.324151 0.005334 0.000003 0.004453 -0.087656 0.000068 0.319698 -0.000280 0.004511 0.000005 
0.490000 -0.082404 0.000071 0.324135 0.005320 0.000003 0.004481 -0.087724 0.000068 0.319655 -0.000281 0.004520 0.000005 
0.492000 -0.082485 0.000071 0.324119 0.005306 0.000003 0.004508 -0.087791 0.000068 0.319611 -0.000283 0.004529 0.000005 
0.494000 -0.082566 0.000071 0.324103 0.005293 0.000004 0.004536 -0.087859 0.000068 0.319567 -0.000284 0.004538 0.000005 
0.496000 -0.082647 0.000071 0.324087 0.005279 0.000004 0.004564 -0.087926 0.000068 0.319523 -0.000285 0.004547 0.000005 
0.498000 -0.082728 0.000071 0.324070 0.005265 0.000004 0.004592 -0.087993 0.000068 0.319479 -0.000287 0.004556 0.000005 
0.500000 -0.082809 0.000071 0.324054 0.005250 0.000004 0.004620 -0.088060 0.000068 0.319434 -0.000288 0.004565 0.000005 
0.502000 -0.082890 0.000071 0.324037 0.005236 0.000004 0.004648 -0.088126 0.000068 0.319390 -0.000289 0.004574 0.000005 
0.504000 -0.082971 0.000071 0.324021 0.005222 0.000004 0.004676 -0.088192 0.000068 0.319345 -0.000291 0.004583 0.000006 
0.506000 -0.083051 0.000071 0.324004 0.005207 0.000004 0.004704 -0.088259 0.000068 0.319300 -0.000292 0.004592 0.000006 
0.508000 -0.083132 0.000071 0.323987 0.005193 0.000004 0.004732 -0.088324 0.000068 0.319255 -0.000293 0.004601 0.000006 
0.510000 -0.083212 0.000071 0.323970 0.005178 0.000004 0.004760 -0.088390 0.000068 0.319210 -0.000295 0.004610 0.000006 
0.512000 -0.083292 0.000071 0.323953 0.005164 0.000004 0.004788 -0.088456 0.000068 0.319165 -0.000296 0.004619 0.000006 
0.514000 -0.083372 0.000071 0.323936 0.005149 0.000004 0.004816 -0.088521 0.000068 0.319120 -0.000298 0.004628 0.000006 
0.516000 -0.083452 0.000071 0.323919 0.005134 0.000004 0.004845 -0.088586 0.000068 0.319074 -0.000299 0.004637 0.000006 
0.518000 -0.083532 0.000071 0.323902 0.005119 0.000004 0.004873 -0.088651 0.000068 0.319029 -0.000300 0.004646 0.000006 
0.520000 -0.083611 0.000071 0.323884 0.005104 0.000004 0.004901 -0.088715 0.000068 0.318983 -0.000302 0.004656 0.000006 
0.522000 -0.083691 0.000072 0.323867 0.005089 0.000004 0.004930 -0.088780 0.000068 0.318937 -0.000303 0.004665 0.000006 
0.524000 -0.083770 0.000072 0.323849 0.005074 0.000004 0.004958 -0.088844 0.000068 0.318891 -0.000304 0.004674 0.000006 
0.526000 -0.083850 0.000072 0.323832 0.005058 0.000004 0.004987 -0.088908 0.000068 0.318845 -0.000306 0.004683 0.000006 
0.528000 -0.083929 0.000072 0.323814 0.005043 0.000004 0.005015 -0.088972 0.000068 0.318799 -0.000307 0.004692 0.000006 
0.530000 -0.084008 0.000072 0.323796 0.005028 0.000004 0.005044 -0.089035 0.000068 0.318752 -0.000309 0.004702 0.000007 
0.532000 -0.084087 0.000072 0.323778 0.005012 0.000004 0.005073 -0.089099 0.000068 0.318706 -0.000310 0.004711 0.000007 
0.534000 -0.084165 0.000072 0.323760 0.004996 0.000004 0.005101 -0.089162 0.000068 0.318659 -0.000311 0.004720 0.000007 
0.536000 -0.084244 0.000072 0.323742 0.004981 0.000004 0.005130 -0.089225 0.000068 0.318612 -0.000313 0.004729 0.000007 
0.538000 -0.084322 0.000072 0.323724 0.004965 0.000004 0.005159 -0.089287 0.000068 0.318565 -0.000314 0.004739 0.000007 
0.540000 -0.084401 0.000072 0.323706 0.004949 0.000004 0.005188 -0.089350 0.000068 0.318518 -0.000315 0.004748 0.000007 
0.542000 -0.084479 0.000072 0.323688 0.004933 0.000004 0.005216 -0.089412 0.000068 0.318471 -0.000317 0.004757 0.000007 
0.544000 -0.084557 0.000072 0.323669 0.004917 0.000004 0.005245 -0.089474 0.000068 0.318424 -0.000318 0.004767 0.000007 
0.546000 -0.084635 0.000072 0.323651 0.004901 0.000004 0.005274 -0.089536 0.000068 0.318376 -0.000320 0.004776 0.000007 
0.548000 -0.084713 0.000072 0.323632 0.004885 0.000004 0.005303 -0.089597 0.000068 0.318329 -0.000321 0.004786 0.000007 
0.550000 -0.084790 0.000072 0.323613 0.004868 0.000004 0.005332 -0.089659 0.000068 0.318281 -0.000322 0.004795 0.000007 
0.552000 -0.084868 0.000072 0.323595 0.004852 0.000004 0.005361 -0.089720 0.000068 0.318233 -0.000324 0.004805 0.000007 
0.554000 -0.084945 0.000072 0.323576 0.004835 0.000004 0.005390 -0.089781 0.000068 0.318185 -0.000325 0.004814 0.000007 
0.556000 -0.085022 0.000072 0.323557 0.004819 0.000004 0.005420 -0.089841 0.000068 0.318137 -0.000327 0.004824 0.000007 
0.558000 -0.085099 0.000072 0.323538 0.004802 0.000004 0.005449 -0.089902 0.000068 0.318089 -0.000328 0.004833 0.000008 
0.560000 -0.085176 0.000072 0.323519 0.004786 0.000004 0.005478 -0.089962 0.000068 0.318041 -0.000329 0.004843 0.000008 
0.562000 -0.085253 0.000072 0.323499 0.004769 0.000004 0.005507 -0.090022 0.000068 0.317992 -0.000331 0.004852 0.000008 
0.564000 -0.085329 0.000072 0.323480 0.004752 0.000004 0.005536 -0.090081 0.000068 0.317944 -0.000332 0.004862 0.000008 
0.566000 -0.085406 0.000072 0.323461 0.004735 0.000004 0.005566 -0.090141 0.000068 0.317895 -0.000333 0.004871 0.000008 
0.568000 -0.085482 0.000072 0.323441 0.004718 0.000004 0.005595 -0.090200 0.000068 0.317846 -0.000335 0.004881 0.000008 
0.570000 -0.085558 0.000072 0.323421 0.004701 0.000004 0.005625 -0.090259 0.000068 0.317797 -0.000336 0.004891 0.000008 
0.572000 -0.085634 0.000072 0.323402 0.004684 0.000004 0.005654 -0.090318 0.000068 0.317748 -0.000338 0.004900 0.000008 
0.574000 -0.085710 0.000072 0.323382 0.004667 0.000004 0.005683 -0.090377 0.000068 0.317699 -0.000339 0.004910 0.000008 
0.576000 -0.085786 0.000072 0.323362 0.004649 0.000004 0.005713 -0.090435 0.000068 0.317649 -0.000340 0.004919 0.000008 
0.578000 -0.085861 0.000072 0.323342 0.004632 0.000004 0.005742 -0.090493 0.000068 0.317600 -0.000342 0.004928 0.000008 
0.580000 -0.085937 0.000072 0.323322 0.004614 0.000004 0.005771 -0.090551 0.000068 0.317550 -0.000343 0.004937 0.000008 
0.582000 -0.086012 0.000072 0.323301 0.004597 0.000004 0.005801 -0.090609 0.000068 0.317501 -0.000345 0.004947 0.000008 
0.584000 -0.086087 0.000072 0.323280 0.004579 0.000004 0.005830 -0.090666 0.000068 0.317451 -0.000346 0.004956 0.000009 
0.586000 -0.086162 0.000072 0.323260 0.004562 0.000004 0.005859 -0.090723 0.000068 0.317401 -0.000348 0.004965 0.000009 
0.588000 -0.086236 0.000072 0.323239 0.004544 0.000004 0.005888 -0.090780 0.000068 0.317351 -0.000349 0.004974 0.000009 
0.590000 -0.086311 0.000072 0.323217 0.004526 0.000004 0.005917 -0.090837 0.000068 0.317301 -0.000350 0.004983 0.000009 
0.592000 -0.086385 0.000072 0.323196 0.004508 0.000005 0.005946 -0.090893 0.000068 0.317250 -0.000352 0.004992 0.000009 
0.594000 -0.086459 0.000072 0.323174 0.004490 0.000005 0.005974 -0.090950 0.000068 0.317200 -0.000353 0.005001 0.000009 
0.596000 -0.086533 0.000072 0.323152 0.004472 0.000005 0.006003 -0.091006 0.000068 0.317149 -0.000355 0.005010 0.000009 
0.598000 -0.086607 0.000072 0.323130 0.004454 0.000005 0.006032 -0.091061 0.000068 0.317099 -0.000356 0.005019 0.000009 
0.600000 -0.086681 0.000072 0.323108 0.004436 0.000005 0.006060 -0.091117 0.000068 0.317048 -0.000357 0.005027 0.000009 
0.602000 -0.086754 0.000072 0.323085 0.004418 0.000005 0.006088 -0.091172 0.000068 0.316997 -0.000359 0.005036 0.000009 
0.604000 -0.086827 0.000072 0.323063 0.004400 0.000005 0.006117 -0.091227 0.000068 0.316946 -0.000360 0.005044 0.000009 
0.606000 -0.086900 0.000072 0.323039 0.004382 0.000005 0.006145 -0.091282 0.000068 0.316895 -0.000362 0.005053 0.000009 
0.608000 -0.086973 0.000072 0.323016 0.004364 0.000005 0.006173 -0.091337 0.000068 0.316844 -0.000363 0.005062 0.000009 
0.610000 -0.087046 0.000072 0.322993 0.004345 0.000005 0.006200 -0.091391 0.000068 0.316792 -0.000365 0.005070 0.000009 
0.612000 -0.087118 0.000072 0.322969 0.004327 0.000005 0.006228 -0.091445 0.000068 0.316741 -0.000366 0.005079 0.000009 
0.614000 -0.087191 0.000072 0.322945 0.004308 0.000005 0.006256 -0.091499 0.000068 0.316689 -0.000367 0.005087 0.000010 
0.616000 -0.087263 0.000072 0.322921 0.004290 0.000005 0.006283 -0.091552 0.000068 0.316637 -0.000369 0.005095 0.000010 
0.618000 -0.087335 0.000073 0.322896 0.004271 0.000005 0.006310 -0.091606 0.000068 0.316586 -0.000370 0.005103 0.000010 
0.620000 -0.087406 0.000073 0.322871 0.004252 0.000005 0.006338 -0.091659 0.000068 0.316534 -0.000372 0.005111 0.000010 
0.622000 -0.087478 0.000073 0.322846 0.004234 0.000005 0.006364 -0.091712 0.000068 0.316482 -0.000373 0.005120 0.000010 
0.624000 -0.087549 0.000073 0.322821 0.004215 0.000005 0.006391 -0.091764 0.000068 0.316430 -0.000375 0.005128 0.000010 
0.626000 -0.087620 0.000073 0.322795 0.004196 0.000005 0.006418 -0.091817 0.000068 0.316377 -0.000376 0.005136 0.000010 
0.628000 -0.087691 0.000073 0.322770 0.004177 0.000005 0.006445 -0.091869 0.000068 0.316325 -0.000377 0.005143 0.000010 
0.630000 -0.087762 0.000073 0.322744 0.004158 0.000005 0.006471 -0.091921 0.000068 0.316273 -0.000379 0.005150 0.000010 
0.632000 -0.087833 0.000073 0.322717 0.004140 0.000005 0.006497 -0.091972 0.000068 0.316220 -0.000380 0.005158 0.000010 
0.634000 -0.087903 0.000073 0.322691 0.004120 0.000005 0.006523 -0.092024 0.000068 0.316167 -0.000382 0.005166 0.000010 
0.636000 -0.087973 0.000073 0.322664 0.004101 0.000005 0.006549 -0.092075 0.000068 0.316115 -0.000383 0.005175 0.000010 
0.638000 -0.088043 0.000073 0.322637 0.004082 0.000005 0.006575 -0.092126 0.000068 0.316062 -0.000385 0.005183 0.000010 
0.640000 -0.088113 0.000073 0.322609 0.004063 0.000005 0.006601 -0.092176 0.000068 0.316009 -0.000386 0.005190 0.000010 
0.642000 -0.088183 0.000073 0.322582 0.004044 0.000005 0.006626 -0.092227 0.000068 0.315956 -0.000387 0.005196 0.000010 
0.644000 -0.088252 0.000073 0.322554 0.004025 0.000005 0.006652 -0.092277 0.000068 0.315902 -0.000389 0.005203 0.000011 
0.646000 -0.088321 0.000073 0.322526 0.004005 0.000005 0.006677 -0.092327 0.000068 0.315849 -0.000390 0.005210 0.000011 
0.648000 -0.088390 0.000073 0.322498 0.003986 0.000005 0.006702 -0.092376 0.000068 0.315796 -0.000392 0.005219 0.000011 
0.650000 -0.088459 0.000073 0.322469 0.003967 0.000005 0.006727 -0.092426 0.000068 0.315742 -0.000393 0.005227 0.000011 
0.652000 -0.088528 0.000073 0.322440 0.003947 0.000005 0.006752 -0.092475 0.000068 0.315688 -0.000395 0.005235 0.000011 
0.654000 -0.088596 0.000073 0.322411 0.003927 0.000005 0.006777 -0.092524 0.000068 0.315635 -0.000396 0.005242 0.000011 
0.656000 -0.088664 0.000073 0.322382 0.003908 0.000005 0.006801 -0.092572 0.000068 0.315581 -0.000398 0.005247 0.000011 
0.658000 -0.088732 0.000073 0.322352 0.003888 0.000005 0.006825 -0.092621 0.000068 0.315527 -0.000399 0.005254 0.000011 
0.660000 -0.088800 0.000073 0.322323 0.003869 0.000005 0.006850 -0.092669 0.000068 0.315473 -0.000401 0.005261 0.000011 
0.662000 -0.088868 0.000073 0.322293 0.003849 0.000005 0.006874 -0.092717 0.000068 0.315419 -0.000402 0.005269 0.000011 
0.664000 -0.088935 0.000073 0.322262 0.003829 0.000005 0.006898 -0.092764 0.000068 0.315365 -0.000403 0.005277 0.000011 
0.666000 -0.089002 0.000073 0.322232 0.003809 0.000005 0.006922 -0.092811 0.000068 0.315310 -0.000405 0.005284 0.000011 
0.668000 -0.089069 0.000073 0.322201 0.003789 0.000005 0.006945 -0.092859 0.000068 0.315256 -0.000406 0.005291 0.000011 
0.670000 -0.089136 0.000073 0.322170 0.003769 0.000005 0.006969 -0.092905 0.000068 0.315201 -0.000408 0.005296 0.000011 
0.672000 -0.089202 0.000073 0.322139 0.003750 0.000005 0.006992 -0.092952 0.000068 0.315147 -0.000409 0.005302 0.000012 
0.674000 -0.089269 0.000073 0.322107 0.003729 0.000005 0.007015 -0.092998 0.000068 0.315092 -0.000411 0.005308 0.000012 
0.676000 -0.089335 0.000073 0.322076 0.003709 0.000005 0.007039 -0.093044 0.000068 0.315037 -0.000412 0.005316 0.000012 
0.678000 -0.089401 0.000073 0.322044 0.003689 0.000005 0.007062 -0.093090 0.000068 0.314982 -0.000414 0.005324 0.000012 
0.680000 -0.089466 0.000073 0.322012 0.003669 0.000005 0.007084 -0.093136 0.000068 0.314927 -0.000415 0.005331 0.000012 
0.682000 -0.089532 0.000073 0.321979 0.003649 0.000006 0.007107 -0.093181 0.000068 0.314872 -0.000417 0.005337 0.000012 
0.684000 -0.089597 0.000073 0.321947 0.003629 0.000006 0.007130 -0.093226 0.000068 0.314817 -0.000418 0.005342 0.000012 
0.686000 -0.089662 0.000073 0.321914 0.003608 0.000006 0.007152 -0.093271 0.000068 0.314762 -0.000419 0.005347 0.000012 
0.688000 -0.089727 0.000073 0.321881 0.003588 0.000006 0.007175 -0.093315 0.000068 0.314706 -0.000421 0.005353 0.000012 
0.690000 -0.089792 0.000073 0.321847 0.003568 0.000006 0.007197 -0.093359 0.000068 0.314651 -0.000422 0.005360 0.000012 
0.692000 -0.089856 0.000073 0.321814 0.003547 0.000006 0.007219 -0.093403 0.000068 0.314595 -0.000424 0.005367 0.000012 
0.694000 -0.089920 0.000073 0.321780 0.003527 0.000006 0.007241 -0.093447 0.000068 0.314539 -0.000425 0.005374 0.000012 
0.696000 -0.089984 0.000073 0.321746 0.003506 0.000006 0.007263 -0.093490 0.000068 0.314484 -0.000427 0.005379 0.000012 
0.698000 -0.090048 0.000073 0.321712 0.003486 0.000006 0.007284 -0.093534 0.000068 0.314428 -0.000428 0.005384 0.000012 
0.700000 -0.090111 0.000073 0.321678 0.003465 0.000006 0.007306 -0.093577 0.000068 0.314372 -0.000430 0.005389 0.000013 
0.702000 -0.090175 0.000073 0.321643 0.003445 0.000006 0.007327 -0.093619 0.000068 0.314316 -0.000431 0.005395 0.000013 
0.704000 -0.090238 0.000073 0.321608 0.003424 0.000006 0.007349 -0.093662 0.000068 0.314260 -0.000433 0.005401 0.000013 
0.706000 -0.090300 0.000074 0.321573 0.003403 0.000006 0.007370 -0.093704 0.000068 0.314204 -0.000434 0.005408 0.000013 
0.708000 -0.090363 0.000074 0.321538 0.003383 0.000006 0.007391 -0.093746 0.000068 0.314147 -0.000436 0.005414 0.000013 
0.710000 -0.090425 0.000074 0.321503 0.003362 0.000006 0.007412 -0.093787 0.000068 0.314091 -0.000437 0.005419 0.000013 
0.712000 -0.090488 0.000074 0.321467 0.003341 0.000006 0.007433 -0.093829 0.000068 0.314034 -0.000439 0.005424 0.000013 
0.714000 -0.090550 0.000074 0.321431 0.003320 0.000006 0.007453 -0.093870 0.000068 0.313978 -0.000440 0.005429 0.000013 
0.716000 -0.090611 0.000074 0.321395 0.003299 0.000006 0.007474 -0.093910 0.000068 0.313921 -0.000442 0.005434 0.000013 
0.718000 -0.090673 0.000074 0.321359 0.003278 0.000006 0.007495 -0.093951 0.000068 0.313864 -0.000443 0.005440 0.000013 
0.720000 -0.090734 0.000074 0.321323 0.003257 0.000006 0.007515 -0.093991 0.000068 0.313808 -0.000444 0.005446 0.000013 
0.722000 -0.090795 0.000074 0.321286 0.003236 0.000006 0.007535 -0.094031 0.000068 0.313751 -0.000446 0.005451 0.000013 
0.724000 -0.090856 0.000074 0.321249 0.003215 0.000006 0.007555 -0.094071 0.000068 0.313694 -0.000447 0.005456 0.000013 
0.726000 -0.090916 0.000074 0.321212 0.003194 0.000006 0.007575 -0.094110 0.000068 0.313637 -0.000449 0.005461 0.000014 
0.728000 -0.090977 0.000074 0.321175 0.003173 0.000006 0.007595 -0.094150 0.000068 0.313580 -0.000450 0.005465 0.000014 
0.730000 -0.091037 0.000074 0.321137 0.003152 0.000006 0.007615 -0.094188 0.000068 0.313522 -0.000452 0.005470 0.000014 
0.732000 -0.091097 0.000074 0.321100 0.003131 0.000006 0.007635 -0.094227 0.000068 0.313465 -0.000453 0.005475 0.000014 
0.734000 -0.091156 0.000074 0.321062 0.003109 0.000006 0.007654 -0.094266 0.000068 0.313408 -0.000455 0.005481 0.000014 
0.736000 -0.091216 0.000074 0.321024 0.003088 0.000006 0.007674 -0.094304 0.000068 0.313350 -0.000456 0.005486 0.000014 
0.738000 -0.091275 0.000074 0.320986 0.003067 0.000006 0.007693 -0.094341 0.000068 0.313293 -0.000458 0.005490 0.000014 
0.740000 -0.091334 0.000074 0.320947 0.003045 0.000006 0.007712 -0.094379 0.000068 0.313235 -0.000459 0.005494 0.000014 
0.742000 -0.091392 0.000074 0.320909 0.003024 0.000006 0.007732 -0.094416 0.000068 0.313177 -0.000461 0.005499 0.000014 
0.744000 -0.091451 0.000074 0.320870 0.003003 0.000006 0.007751 -0.094453 0.000068 0.313120 -0.000462 0.005503 0.000014 
0.746000 -0.091509 0.000074 0.320831 0.002981 0.000006 0.007769 -0.094490 0.000068 0.313062 -0.000464 0.005508 0.000014 
0.748000 -0.091567 0.000074 0.320792 0.002960 0.000006 0.007788 -0.094527 0.000068 0.313004 -0.000465 0.005513 0.000014 
0.750000 -0.091625 0.000074 0.320753 0.002938 0.000006 0.007807 -0.094563 0.000068 0.312946 -0.000467 0.005517 0.000014 
0.752000 -0.091682 0.000074 0.320713 0.002917 0.000006 0.007826 -0.094599 0.000068 0.312888 -0.000468 0.005522 0.000014 
0.754000 -0.091739 0.000074 0.320674 0.002895 0.000006 0.007844 -0.094634 0.000068 0.312830 -0.000470 0.005526 0.000015 
0.756000 -0.091796 0.000074 0.320634 0.002874 0.000006 0.007863 -0.094670 0.000068 0.312771 -0.000471 0.005529 0.000015 
0.758000 -0.091853 0.000074 0.320594 0.002852 0.000006 0.007881 -0.094705 0.000068 0.312713 -0.000473 0.005533 0.000015 
0.760000 -0.091909 0.000074 0.320554 0.002830 0.000006 0.007899 -0.094740 0.000068 0.312655 -0.000474 0.005538 0.000015 
0.762000 -0.091966 0.000074 0.320513 0.002809 0.000006 0.007917 -0.094774 0.000068 0.312596 -0.000476 0.005542 0.000015 
0.764000 -0.092022 0.000074 0.320473 0.002787 0.000006 0.007935 -0.094809 0.000068 0.312538 -0.000477 0.005546 0.000015 
0.766000 -0.092077 0.000074 0.320432 0.002765 0.000006 0.007953 -0.094843 0.000068 0.312479 -0.000479 0.005550 0.000015 
0.768000 -0.092133 0.000074 0.320391 0.002743 0.000006 0.007971 -0.094876 0.000068 0.312420 -0.000480 0.005554 0.000015 
0.770000 -0.092188 0.000074 0.320350 0.002721 0.000007 0.007989 -0.094910 0.000068 0.312362 -0.000482 0.005558 0.000015 
0.772000 -0.092243 0.000074 0.320309 0.002700 0.000007 0.008006 -0.094943 0.000068 0.312303 -0.000483 0.005561 0.000015 
0.774000 -0.092298 0.000074 0.320268 0.002678 0.000007 0.008024 -0.094976 0.000068 0.312244 -0.000485 0.005565 0.000015 
0.776000 -0.092352 0.000074 0.320226 0.002656 0.000007 0.008041 -0.095008 0.000068 0.312185 -0.000486 0.005569 0.000015 
0.778000 -0.092407 0.000074 0.320184 0.002634 0.000007 0.008058 -0.095041 0.000068 0.312126 -0.000488 0.005573 0.000015 
0.780000 -0.092461 0.000074 0.320142 0.002612 0.000007 0.008076 -0.095073 0.000068 0.312067 -0.000489 0.005577 0.000016 
0.782000 -0.092515 0.000074 0.320100 0.002590 0.000007 0.008093 -0.095105 0.000068 0.312008 -0.000491 0.005580 0.000016 
0.784000 -0.092568 0.000074 0.320058 0.002568 0.000007 0.008110 -0.095136 0.000068 0.311948 -0.000492 0.005583 0.000016 
0.786000 -0.092621 0.000074 0.320016 0.002546 0.000007 0.008127 -0.095167 0.000068 0.311889 -0.000494 0.005586 0.000016 
0.788000 -0.092674 0.000074 0.319973 0.002524 0.000007 0.008143 -0.095198 0.000068 0.311830 -0.000495 0.005590 0.000016 
0.790000 -0.092727 0.000074 0.319931 0.002502 0.000007 0.008160 -0.095229 0.000068 0.311770 -0.000497 0.005594 0.000016 
0.792000 -0.092779 0.000074 0.319888 0.002480 0.000007 0.008177 -0.095259 0.000068 0.311711 -0.000498 0.005597 0.000016 
0.794000 -0.092832 0.000074 0.319845 0.002458 0.000007 0.008193 -0.095289 0.000068 0.311651 -0.000500 0.005600 0.000016 
0.796000 -0.092884 0.000075 0.319802 0.002436 0.000007 0.008210 -0.095319 0.000068 0.311592 -0.000501 0.005603 0.000016 
0.798000 -0.092935 0.000075 0.319758 0.002413 0.000007 0.008226 -0.095349 0.000068 0.311532 -0.000503 0.005606 0.000016 
0.800000 -0.092987 0.000075 0.319715 0.002391 0.000007 0.008242 -0.095378 0.000068 0.311472 -0.000504 0.005609 0.000016 
0.802000 -0.093038 0.000075 0.319671 0.002369 0.000007 0.008259 -0.095407 0.000068 0.311413 -0.000506 0.005612 0.000016 
0.804000 -0.093089 0.000075 0.319627 0.002347 0.000007 0.008275 -0.095436 0.000068 0.311353 -0.000507 0.005616 0.000017 
0.806000 -0.093140 0.000075 0.319584 0.002325 0.000007 0.008291 -0.095464 0.000068 0.311293 -0.000509 0.005619 0.000017 
0.808000 -0.093190 0.000075 0.319540 0.002302 0.000007 0.008307 -0.095492 0.000068 0.311233 -0.000510 0.005622 0.000017 
0.810000 -0.093240 0.000075 0.319495 0.002280 0.000007 0.008322 -0.095520 0.000068 0.311173 -0.000512 0.005625 0.000017 
0.812000 -0.093290 0.000075 0.319451 0.002258 0.000007 0.008338 -0.095548 0.000068 0.311113 -0.000513 0.005627 0.000017 
0.814000 -0.093340 0.000075 0.319406 0.002235 0.000007 0.008354 -0.095575 0.000068 0.311053 -0.000515 0.005630 0.000017 
0.816000 -0.093389 0.000075 0.319362 0.002213 0.000007 0.008369 -0.095602 0.000068 0.310992 -0.000516 0.005633 0.000017 
0.818000 -0.093438 0.000075 0.319317 0.002190 0.000007 0.008385 -0.095629 0.000068 0.310932 -0.000518 0.005636 0.000017 
0.820000 -0.093487 0.000075 0.319272 0.002168 0.000007 0.008400 -0.095655 0.000068 0.310872 -0.000519 0.005638 0.000017 
0.822000 -0.093536 0.000075 0.319227 0.002146 0.000007 0.008415 -0.095681 0.000068 0.310812 -0.000521 0.005641 0.000017 
0.824000 -0.093584 0.000075 0.319182 0.002123 0.000007 0.008431 -0.095707 0.000068 0.310751 -0.000522 0.005644 0.000017 
0.826000 -0.093632 0.000075 0.319136 0.002101 0.000007 0.008446 -0.095733 0.000068 0.310691 -0.000524 0.005646 0.000017 
0.828000 -0.093680 0.000075 0.319091 0.002078 0.000007 0.008461 -0.095758 0.000068 0.310630 -0.000525 0.005649 0.000017 
0.830000 -0.093727 0.000075 0.319045 0.002056 0.000007 0.008476 -0.095783 0.000068 0.310570 -0.000527 0.005651 0.000018 
0.832000 -0.093775 0.000075 0.319000 0.002033 0.000007 0.008491 -0.095808 0.000068 0.310509 -0.000528 0.005654 0.000018 
0.834000 -0.093822 0.000075 0.318954 0.002011 0.000007 0.008505 -0.095832 0.000068 0.310448 -0.000530 0.005656 0.000018 
0.836000 -0.093868 0.000075 0.318908 0.001988 0.000007 0.008520 -0.095856 0.000068 0.310388 -0.000532 0.005659 0.000018 
0.838000 -0.093915 0.000075 0.318861 0.001965 0.000007 0.008535 -0.095880 0.000068 0.310327 -0.000533 0.005661 0.000018 
0.840000 -0.093961 0.000075 0.318815 0.001943 0.000007 0.008549 -0.095904 0.000068 0.310266 -0.000535 0.005664 0.000018 
0.842000 -0.094007 0.000075 0.318769 0.001920 0.000007 0.008564 -0.095927 0.000068 0.310205 -0.000536 0.005666 0.000018 
0.844000 -0.094053 0.000075 0.318722 0.001898 0.000007 0.008578 -0.095950 0.000068 0.310144 -0.000538 0.005669 0.000018 
0.846000 -0.094098 0.000075 0.318675 0.001875 0.000007 0.008592 -0.095973 0.000068 0.310083 -0.000539 0.005671 0.000018 
0.848000 -0.094143 0.000075 0.318629 0.001852 0.000007 0.008606 -0.095995 0.000068 0.310022 -0.000541 0.005673 0.000018 
0.850000 -0.094188 0.000075 0.318582 0.001830 0.000007 0.008621 -0.096017 0.000068 0.309961 -0.000542 0.005676 0.000018 
0.852000 -0.094232 0.000075 0.318534 0.001807 0.000007 0.008635 -0.096039 0.000068 0.309900 -0.000544 0.005678 0.000018 
0.854000 -0.094277 0.000075 0.318487 0.001784 0.000007 0.008648 -0.096061 0.000068 0.309839 -0.000545 0.005680 0.000019 
0.856000 -0.094321 0.000075 0.318440 0.001761 0.000007 0.008662 -0.096082 0.000068 0.309778 -0.000547 0.005682 0.000019 
0.858000 -0.094365 0.000075 0.318392 0.001739 0.000007 0.008676 -0.096103 0.000068 0.309716 -0.000548 0.005685 0.000019 
0.860000 -0.094408 0.000075 0.318345 0.001716 0.000008 0.008690 -0.096124 0.000068 0.309655 -0.000550 0.005687 0.000019 
0.862000 -0.094451 0.000075 0.318297 0.001693 0.000008 0.008703 -0.096144 0.000068 0.309594 -0.000551 0.005689 0.000019 
0.864000 -0.094494 0.000075 0.318249 0.001670 0.000008 0.008717 -0.096164 0.000068 0.309532 -0.000553 0.005691 0.000019 
0.866000 -0.094537 0.000075 0.318201 0.001647 0.000008 0.008731 -0.096184 0.000068 0.309471 -0.000554 0.005693 0.000019 
0.868000 -0.094580 0.000075 0.318153 0.001624 0.000008 0.008744 -0.096204 0.000068 0.309409 -0.000556 0.005695 0.000019 
0.870000 -0.094622 0.000075 0.318105 0.001601 0.000008 0.008757 -0.096223 0.000068 0.309348 -0.000557 0.005698 0.000019 
0.872000 -0.094664 0.000075 0.318057 0.001578 0.000008 0.008771 -0.096242 0.000068 0.309286 -0.000559 0.005700 0.000019 
0.874000 -0.094706 0.000075 0.318009 0.001555 0.000008 0.008784 -0.096261 0.000068 0.309225 -0.000560 0.005702 0.000019 
0.876000 -0.094748 0.000075 0.317961 0.001531 0.000008 0.008798 -0.096279 0.000068 0.309163 -0.000562 0.005704 0.000019 
0.878000 -0.094790 0.000075 0.317912 0.001508 0.000008 0.008811 -0.096297 0.000068 0.309101 -0.000564 0.005706 0.000019 
0.880000 -0.094831 0.000075 0.317864 0.001484 0.000008 0.008824 -0.096315 0.000068 0.309040 -0.000565 0.005708 0.000020 
0.882000 -0.094872 0.000075 0.317816 0.001460 0.000008 0.008838 -0.096333 0.000068 0.308978 -0.000567 0.005710 0.000020 
0.884000 -0.094914 0.000076 0.317767 0.001436 0.000008 0.008851 -0.096350 0.000068 0.308916 -0.000568 0.005712 0.000020 
0.886000 -0.094955 0.000076 0.317719 0.001412 0.000008 0.008865 -0.096367 0.000068 0.308854 -0.000570 0.005714 0.000020 
0.888000 -0.094996 0.000076 0.317670 0.001388 0.000008 0.008878 -0.096383 0.000068 0.308793 -0.000571 0.005717 0.000020 
0.890000 -0.095036 0.000076 0.317622 0.001363 0.000008 0.008891 -0.096400 0.000068 0.308731 -0.000573 0.005719 0.000020 
0.892000 -0.095077 0.000076 0.317573 0.001338 0.000008 0.008905 -0.096416 0.000068 0.308669 -0.000574 0.005721 0.000020 
0.894000 -0.095118 0.000076 0.317525 0.001314 0.000008 0.008918 -0.096431 0.000068 0.308607 -0.000576 0.005723 0.000020 
0.896000 -0.095158 0.000076 0.317476 0.001289 0.000008 0.008931 -0.096447 0.000068 0.308545 -0.000577 0.005725 0.000020 
0.898000 -0.095199 0.000076 0.317428 0.001263 0.000008 0.008945 -0.096462 0.000068 0.308483 -0.000579 0.005727 0.000020 
0.900000 -0.095239 0.000076 0.317379 0.001238 0.000008 0.008958 -0.096477 0.000068 0.308421 -0.000580 0.005729 0.000020 
0.902000 -0.095279 0.000076 0.317331 0.001212 0.000008 0.008972 -0.096492 0.000068 0.308359 -0.000582 0.005731 0.000020 
0.904000 -0.095320 0.000076 0.317282 0.001186 0.000008 0.008985 -0.096506 0.000068 0.308297 -0.000583 0.005733 0.000021 
0.906000 -0.095360 0.000076 0.317233 0.001160 0.000008 0.008999 -0.096520 0.000068 0.308234 -0.000585 0.005735 0.000021 
0.908000 -0.095400 0.000076 0.317185 0.001134 0.000008 0.009012 -0.096534 0.000068 0.308172 -0.000587 0.005737 0.000021 
0.910000 -0.095440 0.000076 0.317136 0.001108 0.000008 0.009026 -0.096547 0.000068 0.308110 -0.000588 0.005739 0.000021 
0.912000 -0.095479 0.000076 0.317088 0.001081 0.000008 0.009040 -0.096560 0.000068 0.308048 -0.000590 0.005741 0.000021 
0.914000 -0.095519 0.000076 0.317039 0.001054 0.000008 0.009053 -0.096573 0.000068 0.307986 -0.000591 0.005743 0.000021 
0.916000 -0.095559 0.000076 0.316990 0.001027 0.000008 0.009067 -0.096586 0.000068 0.307923 -0.000593 0.005745 0.000021 
0.918000 -0.095598 0.000076 0.316942 0.000999 0.000008 0.009081 -0.096598 0.000068 0.307861 -0.000594 0.005747 0.000021 
0.920000 -0.095638 0.000076 0.316893 0.000972 0.000008 0.009094 -0.096610 0.000068 0.307799 -0.000596 0.005749 0.000021 
0.922000 -0.095677 0.000076 0.316844 0.000944 0.000008 0.009108 -0.096621 0.000068 0.307736 -0.000597 0.005751 0.000021 
0.924000 -0.095717 0.000076 0.316796 0.000916 0.000008 0.009122 -0.096633 0.000068 0.307674 -0.000599 0.005753 0.000021 
0.926000 -0.095756 0.000076 0.316747 0.000888 0.000008 0.009135 -0.096644 0.000068 0.307612 -0.000600 0.005754 0.000021 
0.928000 -0.095795 0.000076 0.316699 0.000859 0.000008 0.009149 -0.096655 0.000068 0.307549 -0.000602 0.005756 0.000022 
0.930000 -0.095834 0.000076 0.316650 0.000831 0.000008 0.009163 -0.096665 0.000068 0.307487 -0.000603 0.005758 0.000022 
0.932000 -0.095873 0.000076 0.316601 0.000802 0.000008 0.009177 -0.096675 0.000068 0.307424 -0.000605 0.005760 0.000022 
0.934000 -0.095912 0.000076 0.316553 0.000773 0.000008 0.009191 -0.096685 0.000068 0.307362 -0.000607 0.005762 0.000022 
0.936000 -0.095951 0.000076 0.316504 0.000744 0.000008 0.009205 -0.096695 0.000068 0.307299 -0.000608 0.005763 0.000022 
0.938000 -0.095990 0.000076 0.316455 0.000714 0.000008 0.009219 -0.096704 0.000068 0.307237 -0.000610 0.005765 0.000022 
0.940000 -0.096029 0.000076 0.316407 0.000684 0.000008 0.009232 -0.096713 0.000068 0.307174 -0.000611 0.005767 0.000022 
0.942000 -0.096068 0.000076 0.316358 0.000654 0.000008 0.009246 -0.096722 0.000068 0.307112 -0.000613 0.005768 0.000022 
0.944000 -0.096106 0.000076 0.316310 0.000624 0.000008 0.009260 -0.096730 0.000068 0.307049 -0.000614 0.005770 0.000022 
0.946000 -0.096145 0.000076 0.316261 0.000594 0.000008 0.009274 -0.096739 0.000068 0.306987 -0.000616 0.005771 0.000022 
0.948000 -0.096183 0.000076 0.316212 0.000563 0.000008 0.009288 -0.096746 0.000068 0.306924 -0.000617 0.005773 0.000022 
0.950000 -0.096221 0.000076 0.316164 0.000532 0.000009 0.009302 -0.096754 0.000068 0.306861 -0.000619 0.005774 0.000023 
0.952000 -0.096260 0.000076 0.316115 0.000501 0.000009 0.009316 -0.096761 0.000068 0.306799 -0.000620 0.005776 0.000023 
0.954000 -0.096298 0.000076 0.316067 0.000470 0.000009 0.009331 -0.096768 0.000068 0.306736 -0.000622 0.005777 0.000023 
0.956000 -0.096336 0.000076 0.316018 0.000439 0.000009 0.009345 -0.096775 0.000068 0.306673 -0.000624 0.005779 0.000023 
0.958000 -0.096374 0.000076 0.315969 0.000407 0.000009 0.009359 -0.096781 0.000068 0.306611 -0.000625 0.005780 0.000023 
0.960000 -0.096412 0.000076 0.315921 0.000375 0.000009 0.009373 -0.096787 0.000068 0.306548 -0.000627 0.005782 0.000023 
0.962000 -0.096450 0.000076 0.315872 0.000343 0.000009 0.009387 -0.096793 0.000068 0.306485 -0.000628 0.005783 0.000023 
0.964000 -0.096487 0.000076 0.315824 0.000311 0.000009 0.009401 -0.096798 0.000068 0.306422 -0.000630 0.005784 0.000023 
0.966000 -0.096525 0.000076 0.315775 0.000279 0.000009 0.009415 -0.096804 0.000068 0.306360 -0.000631 0.005786 0.000023 
0.968000 -0.096563 0.000076 0.315727 0.000246 0.000009 0.009430 -0.096809 0.000068 0.306297 -0.000633 0.005787 0.000023 
0.970000 -0.096600 0.000076 0.315678 0.000213 0.000009 0.009444 -0.096813 0.000068 0.306234 -0.000634 0.005788 0.000023 
0.972000 -0.096637 0.000076 0.315629 0.000180 0.000009 0.009458 -0.096817 0.000068 0.306171 -0.000636 0.005789 0.000023 
0.974000 -0.096675 0.000076 0.315581 0.000147 0.000009 0.009472 -0.096821 0.000068 0.306109 -0.000637 0.005791 0.000024 
0.976000 -0.096712 0.000077 0.315532 0.000113 0.000009 0.009487 -0.096825 0.000068 0.306046 -0.000639 0.005792 0.000024 
0.978000 -0.096749 0.000077 0.315484 0.000079 0.000009 0.009501 -0.096828 0.000068 0.305983 -0.000640 0.005793 0.000024 
0.980000 -0.096786 0.000077 0.315435 0.000046 0.000009 0.009515 -0.096832 0.000068 0.305920 -0.000642 0.005794 0.000024 
0.982000 -0.096823 0.000077 0.315387 0.000011 0.000009 0.009529 -0.096834 0.000068 0.305858 -0.000644 0.005795 0.000024 
0.984000 -0.096860 0.000077 0.315339 -0.000023 0.000009 0.009544 -0.096837 0.000068 0.305795 -0.000645 0.005796 0.000024 
0.986000 -0.096896 0.000077 0.315290 -0.000057 0.000009 0.009558 -0.096839 0.000068 0.305732 -0.000647 0.005797 0.000024 
0.988000 -0.096933 0.000077 0.315242 -0.000092 0.000009 0.009573 -0.096841 0.000068 0.305669 -0.000648 0.005798 0.000024 
0.990000 -0.096969 0.000077 0.315193 -0.000127 0.000009 0.009587 -0.096843 0.000068 0.305606 -0.000650 0.005799 0.000024 
0.992000 -0.097006 0.000077 0.315145 -0.000162 0.000009 0.009601 -0.096844 0.000068 0.305543 -0.000651 0.005800 0.000024 
0.994000 -0.097042 0.000077 0.315096 -0.000197 0.000009 0.009616 -0.096845 0.000068 0.305481 -0.000653 0.005801 0.000024 
0.996000 -0.097078 0.000077 0.315048 -0.000233 0.000009 0.009630 -0.096846 0.000068 0.305418 -0.000654 0.005802 0.000024 
0.998000 -0.097114 0.000077 0.315000 -0.000268 0.000009 0.009645 -0.096846 0.000068 0.305355 -0.000656 0.005803 0.000025 
1.000000 -0.097150 0.000077 0.314951 -0.000304 0.000009 0.009659 -0.096846 0.000068 0.305292 -0.000657 0.005804 0.000025 
1.002000 -0.097186 0.000077 0.314903 -0.000340 0.000009 0.009674 -0.096846 0.000068 0.305229 -0.000659 0.005805 0.000025 
1.004000 -0.097222 0.000077 0.314855 -0.000376 0.000009 0.009688 -0.096846 0.000068 0.305166 -0.000661 0.005806 0.000025 
1.006000 -0.097258 0.000077 0.314807 -0.000413 0.000009 0.009703 -0.096845 0.000068 0.305104 -0.000662 0.005807 0.000025 
1.008000 -0.097293 0.000077 0.314758 -0.000449 0.000009 0.009718 -0.096844 0.000068 0.305041 -0.000664 0.005807 0.000025 
1.010000 -0.097329 0.000077 0.314710 -0.000486 0.000009 0.009732 -0.096843 0.000068 0.304978 -0.000665 0.005808 0.000025 
1.012000 -0.097364 0.000077 0.314662 -0.000523 0.000009 0.009747 -0.096841 0.000068 0.304915 -0.000667 0.005809 0.000025 
1.014000 -0.097399 0.000077 0.314614 -0.000560 0.000009 0.009761 -0.096839 0.000068 0.304852 -0.000668 0.005810 0.000025 
1.016000 -0.097434 0.000077 0.314566 -0.000597 0.000009 0.009776 -0.096837 0.000068 0.304790 -0.000670 0.005810 0.000025 
1.018000 -0.097469 0.000077 0.314517 -0.000635 0.000009 0.009791 -0.096834 0.000068 0.304727 -0.000671 0.005811 0.000025 
1.020000 -0.097504 0.000077 0.314469 -0.000673 0.000009 0.009805 -0.096832 0.000068 0.304664 -0.000673 0.005812 0.000026 
1.022000 -0.097539 0.000077 0.314421 -0.000710 0.000009 0.009820 -0.096828 0.000068 0.304601 -0.000675 0.005812 0.000026 
1.024000 -0.097574 0.000077 0.314373 -0.000749 0.000009 0.009835 -0.096825 0.000068 0.304538 -0.000676 0.005813 0.000026 
1.026000 -0.097608 0.000077 0.314325 -0.000787 0.000009 0.009850 -0.096821 0.000068 0.304476 -0.000678 0.005813 0.000026 
1.028000 -0.097643 0.000077 0.314277 -0.000825 0.000009 0.009864 -0.096817 0.000068 0.304413 -0.000679 0.005814 0.000026 
1.030000 -0.097677 0.000077 0.314229 -0.000864 0.000009 0.009879 -0.096813 0.000068 0.304350 -0.000681 0.005815 0.000026 
1.032000 -0.097711 0.000077 0.314181 -0.000902 0.000009 0.009894 -0.096809 0.000068 0.304287 -0.000682 0.005815 0.000026 
1.034000 -0.097745 0.000077 0.314133 -0.000941 0.000009 0.009909 -0.096804 0.000068 0.304224 -0.000684 0.005816 0.000026 
1.036000 -0.097779 0.000077 0.314085 -0.000981 0.000009 0.009924 -0.096798 0.000068 0.304162 -0.000685 0.005816 0.000026 
1.038000 -0.097813 0.000077 0.314037 -0.001020 0.000009 0.009938 -0.096793 0.000068 0.304099 -0.000687 0.005817 0.000026 
1.040000 -0.097846 0.000077 0.313990 -0.001059 0.000009 0.009953 -0.096787 0.000068 0.304036 -0.000688 0.005817 0.000026 
1.042000 -0.097880 0.000077 0.313942 -0.001099 0.000009 0.009968 -0.096781 0.000068 0.303974 -0.000690 0.005817 0.000026 
1.044000 -0.097913 0.000077 0.313894 -0.001139 0.000010 0.009983 -0.096775 0.000068 0.303911 -0.000692 0.005818 0.000027 
1.046000 -0.097946 0.000077 0.313846 -0.001178 0.000010 0.009998 -0.096768 0.000068 0.303848 -0.000693 0.005818 0.000027 
1.048000 -0.097980 0.000077 0.313798 -0.001218 0.000010 0.010013 -0.096761 0.000068 0.303786 -0.000695 0.005819 0.000027 
1.050000 -0.098012 0.000077 0.313751 -0.001258 0.000010 0.010028 -0.096754 0.000068 0.303723 -0.000696 0.005819 0.000027 
1.052000 -0.098045 0.000077 0.313703 -0.001299 0.000010 0.010043 -0.096746 0.000068 0.303660 -0.000698 0.005820 0.000027 
1.054000 -0.098078 0.000077 0.313655 -0.001339 0.000010 0.010057 -0.096739 0.000068 0.303598 -0.000699 0.005820 0.000027 
1.056000 -0.098110 0.000077 0.313607 -0.001380 0.000010 0.010072 -0.096730 0.000068 0.303535 -0.000701 0.005820 0.000027 
1.058000 -0.098142 0.000077 0.313560 -0.001420 0.000010 0.010087 -0.096722 0.000068 0.303472 -0.000702 0.005821 0.000027 
1.060000 -0.098174 0.000077 0.313512 -0.001461 0.000010 0.010102 -0.096713 0.000068 0.303410 -0.000704 0.005821 0.000027 
1.062000 -0.098206 0.000077 0.313464 -0.001501 0.000010 0.010116 -0.096704 0.000068 0.303347 -0.000705 0.005821 0.000027 
1.064000 -0.098237 0.000077 0.313416 -0.001542 0.000010 0.010131 -0.096695 0.000068 0.303285 -0.000707 0.005821 0.000027 
1.066000 -0.098268 0.000077 0.313368 -0.001583 0.000010 0.010146 -0.096685 0.000068 0.303222 -0.000709 0.005821 0.000027 
1.068000 -0.098299 0.000077 0.313320 -0.001623 0.000010 0.010160 -0.096675 0.000068 0.303160 -0.000710 0.005821 0.000028 
1.070000 -0.098329 0.000078 0.313272 -0.001664 0.000010 0.010174 -0.096665 0.000068 0.303097 -0.000712 0.005820 0.000028 
1.072000 -0.098359 0.000078 0.313224 -0.001704 0.000010 0.010189 -0.096655 0.000068 0.303035 -0.000713 0.005820 0.000028 
1.074000 -0.098389 0.000078 0.313175 -0.001745 0.000010 0.010203 -0.096644 0.000068 0.302973 -0.000715 0.005820 0.000028 
1.076000 -0.098418 0.000078 0.313127 -0.001785 0.000010 0.010217 -0.096633 0.000068 0.302910 -0.000716 0.005819 0.000028 
1.078000 -0.098447 0.000078 0.313079 -0.001825 0.000010 0.010231 -0.096621 0.000068 0.302848 -0.000718 0.005819 0.000028 
1.080000 -0.098475 0.000078 0.313030 -0.001865 0.000010 0.010245 -0.096610 0.000068 0.302785 -0.000719 0.005818 0.000028 
1.082000 -0.098503 0.000078 0.312982 -0.001905 0.000010 0.010259 -0.096598 0.000068 0.302723 -0.000721 0.005817 0.000028 
1.084000 -0.098531 0.000078 0.312933 -0.001945 0.000010 0.010272 -0.096586 0.000068 0.302661 -0.000722 0.005817 0.000028 
1.086000 -0.098558 0.000078 0.312884 -0.001985 0.000010 0.010286 -0.096573 0.000068 0.302599 -0.000724 0.005816 0.000028 
1.088000 -0.098585 0.000078 0.312835 -0.002025 0.000010 0.010299 -0.096560 0.000068 0.302536 -0.000726 0.005815 0.000028 
1.090000 -0.098611 0.000078 0.312787 -0.002064 0.000010 0.010312 -0.096547 0.000068 0.302474 -0.000727 0.005814 0.000028 
1.092000 -0.098637 0.000078 0.312737 -0.002104 0.000010 0.010326 -0.096534 0.000068 0.302412 -0.000729 0.005813 0.000029 
1.094000 -0.098663 0.000078 0.312688 -0.002143 0.000010 0.010339 -0.096520 0.000068 0.302350 -0.000730 0.005812 0.000029 
1.096000 -0.098688 0.000078 0.312639 -0.002182 0.000010 0.010352 -0.096506 0.000068 0.302288 -0.000732 0.005811 0.000029 
1.098000 -0.098713 0.000078 0.312590 -0.002221 0.000010 0.010364 -0.096492 0.000068 0.302225 -0.000733 0.005810 0.000029 
1.100000 -0.098737 0.000078 0.312540 -0.002260 0.000010 0.010377 -0.096477 0.000068 0.302163 -0.000735 0.005809 0.000029 
1.102000 -0.098761 0.000078 0.312491 -0.002298 0.000010 0.010389 -0.096462 0.000068 0.302101 -0.000736 0.005808 0.000029 
1.104000 -0.098784 0.000078 0.312441 -0.002337 0.000010 0.010402 -0.096447 0.000068 0.302039 -0.000738 0.005807 0.000029 
1.106000 -0.098807 0.000078 0.312392 -0.002375 0.000010 0.010414 -0.096431 0.000068 0.301977 -0.000739 0.005806 0.000029 
1.108000 -0.098829 0.000078 0.312342 -0.002413 0.000010 0.010426 -0.096416 0.000068 0.301915 -0.000741 0.005805 0.000029 
1.110000 -0.098851 0.000078 0.312292 -0.002451 0.000010 0.010438 -0.096400 0.000068 0.301854 -0.000743 0.005804 0.000029 
1.112000 -0.098872 0.000078 0.312242 -0.002489 0.000010 0.010450 -0.096383 0.000068 0.301792 -0.000744 0.005803 0.000029 
1.114000 -0.098893 0.000078 0.312192 -0.002527 0.000010 0.010462 -0.096367 0.000068 0.301730 -0.000746 0.005801 0.000030 
1.116000 -0.098914 0.000078 0.312142 -0.002564 0.000010 0.010474 -0.096350 0.000068 0.301668 -0.000747 0.005800 0.000030 
1.118000 -0.098934 0.000078 0.312091 -0.002601 0.000010 0.010485 -0.096333 0.000068 0.301606 -0.000749 0.005799 0.000030 
1.120000 -0.098953 0.000078 0.312041 -0.002638 0.000010 0.010497 -0.096315 0.000068 0.301544 -0.000750 0.005798 0.000030 
1.122000 -0.098972 0.000078 0.311991 -0.002675 0.000010 0.010508 -0.096297 0.000068 0.301483 -0.000752 0.005797 0.000030 
1.124000 -0.098991 0.000078 0.311940 -0.002712 0.000010 0.010519 -0.096279 0.000068 0.301421 -0.000753 0.005795 0.000030 
1.126000 -0.099009 0.000078 0.311889 -0.002748 0.000010 0.010530 -0.096261 0.000068 0.301359 -0.000755 0.005794 0.000030 
1.128000 -0.099027 0.000078 0.311839 -0.002785 0.000010 0.010541 -0.096242 0.000068 0.301298 -0.000756 0.005793 0.000030 
1.130000 -0.099044 0.000078 0.311788 -0.002821 0.000010 0.010552 -0.096223 0.000068 0.301236 -0.000758 0.005792 0.000030 
1.132000 -0.099060 0.000078 0.311737 -0.002857 0.000010 0.010562 -0.096204 0.000068 0.301175 -0.000760 0.005790 0.000030 
1.134000 -0.099077 0.000078 0.311686 -0.002892 0.000010 0.010573 -0.096184 0.000068 0.301113 -0.000761 0.005789 0.000030 
1.136000 -0.099092 0.000078 0.311635 -0.002928 0.000010 0.010583 -0.096164 0.000068 0.301052 -0.000763 0.005788 0.000031 
1.138000 -0.099108 0.000078 0.311584 -0.002963 0.000011 0.010594 -0.096144 0.000068 0.300991 -0.000764 0.005787 0.000031 
1.140000 -0.099123 0.000078 0.311533 -0.002999 0.000011 0.010604 -0.096124 0.000068 0.300929 -0.000766 0.005785 0.000031 
1.142000 -0.099137 0.000078 0.311482 -0.003034 0.000011 0.010614 -0.096103 0.000068 0.300868 -0.000767 0.005784 0.000031 
1.144000 -0.099151 0.000078 0.311431 -0.003069 0.000011 0.010624 -0.096082 0.000068 0.300807 -0.000769 0.005783 0.000031 
1.146000 -0.099164 0.000078 0.311379 -0.003103 0.000011 0.010634 -0.096061 0.000068 0.300745 -0.000770 0.005781 0.000031 
1.148000 -0.099177 0.000078 0.311328 -0.003138 0.000011 0.010644 -0.096039 0.000068 0.300684 -0.000772 0.005780 0.000031 
1.150000 -0.099190 0.000078 0.311276 -0.003172 0.000011 0.010653 -0.096017 0.000068 0.300623 -0.000773 0.005779 0.000031 
1.152000 -0.099202 0.000078 0.311225 -0.003206 0.000011 0.010663 -0.095995 0.000068 0.300562 -0.000775 0.005778 0.000031 
1.154000 -0.099213 0.000078 0.311173 -0.003240 0.000011 0.010672 -0.095973 0.000068 0.300501 -0.000776 0.005776 0.000031 
1.156000 -0.099224 0.000078 0.311121 -0.003274 0.000011 0.010681 -0.095950 0.000068 0.300440 -0.000778 0.005775 0.000031 
1.158000 -0.099235 0.000078 0.311070 -0.003308 0.000011 0.010691 -0.095927 0.000068 0.300379 -0.000780 0.005774 0.000032 
1.160000 -0.099245 0.000078 0.311018 -0.003341 0.000011 0.010700 -0.095904 0.000068 0.300318 -0.000781 0.005772 0.000032 
1.162000 -0.099255 0.000078 0.310966 -0.003375 0.000011 0.010709 -0.095880 0.000068 0.300257 -0.000783 0.005771 0.000032 
1.164000 -0.099264 0.000079 0.310914 -0.003408 0.000011 0.010717 -0.095856 0.000068 0.300197 -0.000784 0.005770 0.000032 
1.166000 -0.099273 0.000079 0.310862 -0.003441 0.000011 0.010726 -0.095832 0.000068 0.300136 -0.000786 0.005769 0.000032 
1.168000 -0.099281 0.000079 0.310810 -0.003474 0.000011 0.010735 -0.095808 0.000068 0.300075 -0.000787 0.005767 0.000032 
1.170000 -0.099289 0.000079 0.310758 -0.003506 0.000011 0.010743 -0.095783 0.000068 0.300015 -0.000789 0.005766 0.000032 
1.172000 -0.099297 0.000079 0.310706 -0.003539 0.000011 0.010752 -0.095758 0.000068 0.299954 -0.000790 0.005765 0.000032 
1.174000 -0.099304 0.000079 0.310653 -0.003571 0.000011 0.010760 -0.095733 0.000068 0.299894 -0.000792 0.005763 0.000032 
1.176000 -0.099311 0.000079 0.310601 -0.003603 0.000011 0.010768 -0.095707 0.000068 0.299833 -0.000793 0.005762 0.000032 
1.178000 -0.099317 0.000079 0.310549 -0.003635 0.000011 0.010776 -0.095681 0.000068 0.299773 -0.000795 0.005761 0.000032 
1.180000 -0.099322 0.000079 0.310497 -0.003667 0.000011 0.010784 -0.095655 0.000068 0.299712 -0.000796 0.005760 0.000032 
1.182000 -0.099328 0.000079 0.310444 -0.003699 0.000011 0.010792 -0.095629 0.000068 0.299652 -0.000798 0.005758 0.000033 
1.184000 -0.099333 0.000079 0.310392 -0.003731 0.000011 0.010800 -0.095602 0.000068 0.299592 -0.000799 0.005757 0.000033 
1.186000 -0.099337 0.000079 0.310339 -0.003762 0.000011 0.010808 -0.095575 0.000068 0.299532 -0.000801 0.005756 0.000033 
1.188000 -0.099341 0.000079 0.310287 -0.003793 0.000011 0.010815 -0.095548 0.000068 0.299471 -0.000803 0.005755 0.000033 
1.190000 -0.099345 0.000079 0.310234 -0.003824 0.000011 0.010823 -0.095520 0.000068 0.299411 -0.000804 0.005754 0.000033 
1.192000 -0.099348 0.000079 0.310181 -0.003855 0.000011 0.010830 -0.095492 0.000068 0.299351 -0.000806 0.005752 0.000033 
1.194000 -0.099350 0.000079 0.310129 -0.003886 0.000011 0.010837 -0.095464 0.000068 0.299291 -0.000807 0.005751 0.000033 
1.196000 -0.099353 0.000079 0.310076 -0.003917 0.000011 0.010844 -0.095436 0.000068 0.299231 -0.000809 0.005750 0.000033 
1.198000 -0.099355 0.000079 0.310023 -0.003948 0.000011 0.010851 -0.095407 0.000068 0.299172 -0.000810 0.005749 0.000033 
1.200000 -0.099356 0.000079 0.309970 -0.003978 0.000011 0.010858 -0.095378 0.000068 0.299112 -0.000812 0.005748 0.000033 
1.202000 -0.099357 0.000079 0.309917 -0.004009 0.000011 0.010865 -0.095349 0.000068 0.299052 -0.000813 0.005746 0.000033 
1.204000 -0.099358 0.000079 0.309864 -0.004039 0.000011 0.010872 -0.095319 0.000068 0.298992 -0.000815 0.005745 0.000034 
1.206000 -0.099359 0.000079 0.309811 -0.004070 0.000011 0.010879 -0.095289 0.000068 0.298933 -0.000816 0.005744 0.000034 
1.208000 -0.099359 0.000079 0.309758 -0.004100 0.000011 0.010885 -0.095259 0.000068 0.298873 -0.000818 0.005743 0.000034 
1.210000 -0.099359 0.000079 0.309705 -0.004130 0.000011 0.010892 -0.095229 0.000068 0.298814 -0.000819 0.005741 0.000034 
